<?xml version="1.0" encoding="UTF-8"?>
<!DOCTYPE hibernate-configuration PUBLIC
		"-//Hibernate/Hibernate Configuration DTD 3.0//EN"
		"http://hibernate.sourceforge.net/hibernate-configuration-3.0.dtd">
<hibernate-configuration>
    <session-factory>
        <property name="hibernate.connection.driver_class">com.mysql.jdbc.Driver</property>
        <property name="hibernate.connection.password">Muskan</property>
        <property name="hibernate.connection.url">jdbc:mysql://localhost:3306/librarysystem</property>
        <property name="hibernate.connection.username">root</property>
        <property name="hibernate.dialect">org.hibernate.dialect.MySQLDialect</property>
        
        
        <!-- Specify the JDBC driver -->
        <property name="hibernate.connection.pool_size">1</property>

        <!-- Echo all executed queries -->
        <property name="hibernate.show_sql">true</property>
        <property name="hibernate.format_sql">true</property>
		<property name="hibernate.use_sql_comments">true</property>

        <!-- Drop and re-create the database schema on startup -->
 		<property name="hibernate.hbm2ddl.auto">update</property> <!-- auto-create/update schema -->

        <!-- Enable Hibernate's automatic session context management -->
        <property name="hibernate.current_session_context_class">thread</property>

        <!-- Disable the second-level cache -->
        <property name="hibernate.cache.provider_class">org.hibernate.cache.internal.NoCacheProvider</property>

 
         <mapping class="lms.demo.model.Book"/>
        <mapping class="lms.demo.model.Member"/>
        <mapping class="lms.demo.model.Transaction"/>
        <mapping class="lms.demo.model.Librarian"/>
    </session-factory>
</hibernate-configuration>
